award_id,proposal_id,project_id,award_number,sponsor_award_number,award_title,pi_persona_id,sponsor_code,award_status,award_received_date,start_date,end_date,total_obligated,total_anticipated,cfda_number,banner_fund_code,terms_payment_method,terms_invoicing_frequency,terms_reporting_requirements,terms_record_retention_years,budget_period_count,total_direct,total_indirect,transaction_count
AWARD-SYN-001,PROP-SYN-001,PROJ-SYN-001,R01-GM-24-8001,1R01GM248001-01,Eradicating Misconceptions about Abyssal Organisms using Game-based Environments,mcnerdface_nerdy,NIH,Active,2024-07-15,2024-09-01,2028-08-31,652790.0,1305582.0,93.859,G0248001,Cost-Reimbursement,Monthly,"Annual progress report (RPPR), Final progress report",3,4,0,0,68
AWARD-SYN-002,PROP-SYN-002,PROJ-SYN-002,R01-AI-24-8002,1R01AI248002-01,Molecular mechanisms of cellular identity subversion in Thingium assimilans,rj-macready,NIH,Active,2024-07-20,2024-09-01,2028-08-31,1200000.0,2400000.0,93.855,G0248002,Cost-Reimbursement,Monthly,"Annual progress report (RPPR), Final progress report",3,4,0,0,96
AWARD-SYN-003,PROP-SYN-003,PROJ-SYN-003,DEB-2412345,DEB-2412345,"Network ecology of Fangornium sylvaticum: signaling, resource sharing, and collective defense in ancient forests",radagast-brownleaf,NSF,Active,2024-08-01,2024-09-01,2028-08-31,525000.0,2100000.0,47.074,G0412345,,,,,4,0,0,72
AWARD-SYN-004,PROP-SYN-004,PROJ-SYN-004,R01-HD-24-8004,1R01HD248004-01,Adaptive bilingual nutrition support pathways for rural maternal health,iris-velasquez,NIH,Active,2024-07-25,2024-09-01,2028-08-31,810000.0,1620000.0,93.865,G0248004,,,,,4,0,0,66
AWARD-SYN-005,PROP-SYN-006,PROJ-SYN-005,DARPA-HR0011-24-8005,HR0011-24-C-8005,Next-generation mithril-analog composites for lightweight personnel protection systems,eowyn-rohirrim,DOD,Active,2024-09-15,2024-10-01,2027-09-30,600000.0,1800000.0,12.910,G0248005,,,,,3,0,0,82
AWARD-SYN-006,PROP-SYN-007,PROJ-SYN-006,OAC-2415678,OAC-2415678,Trustworthy campus-scale assistants for research lifecycle intelligence,ashford_malik,NSF,Active,2024-08-05,2024-09-01,2028-08-31,462500.0,1850000.0,47.070,G0415678,Cost-Reimbursement,Monthly (via NSF GTAS),"Annual project report, Final project report",3,4,0,0,93
AWARD-SYN-007,PROP-SYN-008,PROJ-SYN-007,EAR-2418901,EAR-2418901,Open digital twins for sediment and flood resilience in working watersheds,quillstone_juniper,NSF,Active,2024-08-10,2024-09-01,2028-08-31,295000.0,1180000.0,47.050,G0418901,Cost-Reimbursement,Monthly (via NSF GTAS),"Annual project report, Final project report",3,4,0,0,71
AWARD-SYN-008,PROP-SYN-005,PROJ-SYN-008,OPP-2345678,OPP-2345678,Antarctic extremophile authentication: field-deployable molecular tools for polar biosecurity,rj-macready,NSF,Active,2023-11-20,2024-01-01,2027-12-31,825000.0,1650000.0,47.078,G0423456,Cost-Reimbursement,Monthly (via NSF GTAS),"Annual project report, Final project report",3,4,0,0,87

